[
    {
        "nome": "ccc",
        "senha": "ccc"
    },
    {
        "nome": "bbb",
        "senha": "bbb"
    },
    {
        "nome": "aaa",
        "senha": "aaa"
    },
    {
        "nome": "tiago",
        "senha": "123"
    },
    {
        "nome": "aluno",
        "senha": "123"
    },
    {
        "nome": "igor",
        "senha": "801"
    },
    {
        "nome": "maria",
        "senha": "123"
    },
    {
        "nome": "alice",
        "senha": "123"
    },
    {
        "nome": "luan",
        "senha": "234"
    }
]